variable,reference_condition,n_observations,ensemble_mean_bias,ensemble_mean_mae,ensemble_mean_rmse,mean_ensemble_spread,mean_crps,p10_p90_coverage,min_max_coverage
precipitation_mm,dry,123,1.1329084710201942,1.1329084710201942,2.2244191534264157,1.8486903011169533,0.3864953230177463,0.8943089430894309,0.975609756097561
precipitation_mm,heavy,7,-21.158356374807987,21.158356374807987,22.661428728187218,8.189154019539746,18.695616173628657,0.2857142857142857,0.42857142857142855
precipitation_mm,light,35,1.7596620583717357,2.521400921658986,3.46876954721406,3.890739578348134,1.3883383380407315,0.7714285714285715,0.8571428571428571
precipitation_mm,moderate,10,-5.253354838709678,5.295139784946237,6.399154833488369,5.284765351986595,5.133385362469649,0.5,0.7
