threshold_mm,n_observations,observed_event_rate,mean_forecast_probability,brier_score
1.0,175,0.21714285714285714,0.3035944700460829,0.15204994797086369
5.0,175,0.09714285714285714,0.11815668202764978,0.0789415787126505
10.0,175,0.06285714285714286,0.050875576036866356,0.044780734354095436
20.0,175,0.04,0.01695852534562212,0.03053367028393043
